vendor_sku,product_name,category,color,fabric,fit,care,size,price,occasion
DEMO-JP-001,Jaipur block-print kurta,Kurta,rani pink,Cotton slub,Straight fit,Hand wash,S-XXL,899,Mehndi; festive
DEMO-TI-002,Office-ready cotton kurti,Kurti,off white,100% cotton,Regular fit,Machine wash,S-XL,699,Office; daily wear
DEMO-JP-003,Flared Anarkali set,Set,dark gulabi,Viscose blend,Flared,Cold wash,M-XXL,1799,Wedding guest; festive
DEMO-TI-004,Indigo block-print kurta,Kurta,neel,Handloom cotton,Relaxed fit,Hand wash,S-XXL,1199,Office; casual
DEMO-JP-005,Floral georgette dress,Dress,peach pink,Georgette,A-line,Do not bleach,XS-XL,1499,Party; festive
DEMO-TI-006,Everyday knit top,Top,haldi yellow,Modal knit,Relaxed fit,Machine wash,XS-XXL,599,Everyday
DEMO-JP-007,Printed tiered dress,Dress,pyaazi,Rayon,A-line,Cold wash,S-XL,1299,Brunch; festive
DEMO-TI-008,Embroidered tunic,Tunic,mehroon,Chanderi blend,Straight fit,Dry clean,M-XXL,1599,Festival; wedding guest
DEMO-JP-009,Striped cotton shirt,Shirt,sky blue,Poplin cotton,Regular fit,Machine wash,S-XXL,899,Work; casual
DEMO-TI-010,Olive everyday kurta,Kurta,olive green,Viscose cotton,Straight fit,Hand wash,S-XXL,999,Office; daily wear
DEMO-JP-011,Pista straight kurti,Kurti,pista,Rayon slub,Straight fit,Cold wash,S-XXL,799,Daily wear
DEMO-TI-012,Royal blue palazzo set,Set,cobalt,Viscose blend,Relaxed fit,Hand wash,M-XXL,1899,Evening; festive
DEMO-JP-013,Terracotta printed co-ord,Co-ord,terracotta,Cotton voile,Relaxed fit,Machine wash,S-XL,1699,Travel; casual
DEMO-TI-014,Jamuni festive kurta,Kurta,jamuni,Silk blend,Straight fit,Dry clean,M-XXL,1999,Festival; wedding guest
DEMO-JP-015,Mauve chikankari kurti,Kurti,mauve,Cotton voile,Straight fit,Hand wash,S-XXL,1399,Office; occasion wear
DEMO-TI-016,Charcoal straight trousers,Trousers,charcoal,Linen blend,Straight fit,Machine wash,XS-XXL,1099,Work; daily wear
DEMO-JP-017,Coffee brown printed dupatta,Dupatta,coffee,Chiffon,One size,Hand wash,Free size,499,Festive; wedding guest
DEMO-TI-018,Jet black longline tunic,Tunic,jet black,Rayon,Relaxed fit,Machine wash,S-XXL,1099,Office; evening
DEMO-JP-019,Two-tone festive skirt,Skirt,two tone,Art silk,Flared,Dry clean,S-XL,1599,Festive; wedding guest
DEMO-TI-020,Sand linen-blend shirt,Shirt,sand,Linen blend,Regular fit,Cold wash,S-XXL,1199,Work; travel
DEMO-JP-021,Mogra mist embroidered kurta,Kurta,mogra mist,Cotton silk,Straight fit,Dry clean,M-XXL,1799,Festival; wedding guest
DEMO-TI-022,Printed everyday tunic,Tunic,,Cotton poplin,Relaxed fit,Machine wash,S-XL,899,Daily wear
DEMO-JP-023,Soft knit lounge top,Top,lavender,,Relaxed fit,Machine wash,XS-XXL,649,Lounge; daily wear
,Festive layered shrug,Shrug,rust,Viscose georgette,Open front,Dry clean,S-XL,1299,Party; festive
DEMO-TI-025,Red cotton anarkali,Kurta,laal,Cotton cambric,Flared,Hand wash,M-XXL,1499,Festive; family gathering
DEMO-JP-026,Cream printed pajama set,Set,ivory,Modal cotton,Relaxed fit,Machine wash,S-XXL,1199,Lounge; daily wear
